{
    "loss": 0.023511262610554695,
    "accuracy": 0.9901960492134094
}